"","X","p_val","avg_log2FC","pct.1","pct.2","p_val_adj","cluster","gene","cell_type"
"108146","TFF1.10",1.98353836738821e-61,4.66633361483674,1,0.177,4.90548873638777e-57,53,"TFF1","Epithelial"
"108407","MUC1.21",1.2351504595712e-35,2.42207276103956,1,0.27,3.05465060156554e-31,53,"MUC1","Epithelial"
"108467","KRT8.30",4.57626274225565e-33,2.32029049708877,1,0.279,1.13175553878725e-28,53,"KRT8","Epithelial"
"108480","KRT18.30",1.21827006667603e-32,2.24004467766707,1,0.291,3.0129037018965e-28,53,"KRT18","Epithelial"
"108384","CLU.11",2.04455226751866e-36,1.86047992925483,0.977,0.226,5.05638221280041e-32,53,"CLU","Epithelial"
"108750","KRT19.34",9.92422940818484e-25,1.58191392917181,1,0.313,2.45436117493819e-20,53,"KRT19","Epithelial"
"109096","LYZ.41",9.62657315677868e-19,1.30751046248924,1,0.495,2.38074780740294e-14,53,"LYZ","Myeloid"
"110055","PDGFA.9",5.7098498993533e-11,0.826507122827705,0.523,0.15,1.41210297860907e-06,53,"PDGFA","Fibroblasts"
"108888","SPINK1.10",8.423194117397e-22,-1.13092849212428,0.909,0.213,2.08314013717345e-17,53,"SPINK1","Epithelial"
"108410","PRSS1.5",2.58111192153384e-35,-3.53523606448991,0.636,0.089,6.38334789314533e-31,53,"PRSS1","Epithelial"
"110954","CXCR4.33",2.17870980602773e-07,-6.80770056583396,0.045,0.437,0.00538816722128718,53,"CXCR4","B"
"107223","PRF1.5",4.42611915659768e-46,2.79158691417984,0.688,0.093,1.09462352861817e-41,52,"PRF1","T_NK"
"107233","NKG7.7",2.00143083352229e-36,2.64890155449226,0.75,0.141,4.94973859438398e-32,52,"NKG7","T_NK"
"107220","CD8A.2",1.44496197964644e-47,2.49792752054598,0.625,0.071,3.57353547186362e-43,52,"CD8A","T_NK"
"107286","CD2.7",2.7180171313075e-25,1.82020168749286,0.812,0.202,6.72192816743658e-21,52,"CD2","T_NK"
"107261","GZMB.6",2.06080005859272e-28,1.68382365637086,0.521,0.079,5.09656462490566e-24,52,"GZMB","T_NK"
"107293","CD3D.5",3.65034765843731e-24,1.55042029309043,0.812,0.193,9.02767479408131e-20,52,"CD3D","T_NK"
"107216","FCGR3B.3",1.67877204970533e-70,1.41856116749339,0.938,0.103,4.15177115612625e-66,52,"FCGR3B","Myeloid"
"107304","CD3E.6",1.14395496787527e-22,1.38168456557323,0.812,0.193,2.82911503105232e-18,52,"CD3E","T_NK"
"107452","CXCR4.32",2.51310829816856e-14,0.806264659765234,0.979,0.436,6.21516813220068e-10,52,"CXCR4","B"
"107861","ITGAM.6",1.43438823874329e-06,0.703006384503405,0.458,0.18,0.0354738555323604,52,"ITGAM","Myeloid"
"107851","CD69.9",1.03522133378371e-06,0.529122332479711,0.562,0.238,0.0256020588058049,52,"CD69","T_NK"
"107836","CD27.6",7.27248356061441e-07,0.421142712632515,0.396,0.128,0.0179855790937555,52,"CD27","B"
"105537","IGLL5.8",3.91981560896426e-64,2.48385672567057,0.96,0.188,9.69409598252951e-60,51,"IGLL5","B"
"105566","ACTA2.3",5.95657802535161e-11,2.20306839011696,0.36,0.101,1.47312131144971e-06,51,"ACTA2","Fibroblasts"
"105539","IGFBP7.10",5.33929073223557e-33,1.90107138136646,0.82,0.209,1.32045999098918e-28,51,"IGFBP7","Fibroblasts"
"105542","HLA-DRA.30",7.81526231996334e-23,1.75541133983831,0.96,0.454,1.93279252435013e-18,51,"HLA-DRA","Myeloid"
"105536","IGJ.4",1.75172181874768e-74,1.55110907676002,0.92,0.126,4.33218322994488e-70,51,"IGJ","B"
"105544","COL3A1.3",1.14700159887779e-21,1.55024282758879,0.46,0.086,2.83664965418467e-17,51,"COL3A1","Fibroblasts"
"105560","APOE.6",1.70953647030136e-12,1.10002772986319,0.58,0.214,4.2278546447023e-08,51,"APOE","Fibroblasts"
"105576","COL1A1.5",2.15504497296714e-10,0.840450643676929,0.42,0.137,5.32964172264503e-06,51,"COL1A1","Fibroblasts"
"105541","TPSAB1.2",1.33956555635186e-29,0.100597014565968,0.5,0.076,3.31287957741379e-25,51,"TPSAB1","Mast"
"103118","CLU.10",1.56925010083199e-91,4.29673147824835,0.935,0.225,3.88091242436761e-87,50,"CLU","Epithelial"
"105410","KRT18.28",2.48323215179462e-07,-3.01154851459543,0.043,0.293,0.00614128143460329,50,"KRT18","Epithelial"
"104268","HLA-DRA.29",1.57279621923221e-10,-4.08217726165493,0.108,0.455,3.88968232978319e-06,50,"HLA-DRA","Myeloid"
"104879","KRT19.32",7.87960035541505e-09,-4.69925066385925,0.032,0.314,0.00019487039638977,50,"KRT19","Epithelial"
"103692","LYZ.39",3.40705611857862e-14,-4.82910473684529,0.086,0.497,8.42599048685679e-10,50,"LYZ","Myeloid"
"103538","CXCR4.31",8.18122370837753e-16,-8.88214177808834,0,0.437,2.02329843531885e-11,50,"CXCR4","B"
"100985","IRF8.6",9.43251926697421e-148,5.48226461660395,0.862,0.138,2.33275633991539e-143,49,"IRF8","DCs"
"100957","GZMB.5",1.85927651778598e-207,4.82675865396616,0.789,0.078,4.59817675613651e-203,49,"GZMB","T_NK"
"101004","CD4.5",2.82820641218127e-109,2.78805615938775,0.919,0.182,6.9944372779655e-105,49,"CD4","T_NK"
"100956","IGJ.3",4.83712395011648e-215,2.27419608785788,1,0.124,1.19626912410331e-210,49,"IGJ","B"
"101125","HLA-DRA.28",1.30319899165874e-57,1.56756350450749,1,0.453,3.22294142627124e-53,49,"HLA-DRA","Myeloid"
"101463","ITGAE.8",4.65845852016365e-28,1.04378319958194,0.667,0.239,1.15208337662167e-23,49,"ITGAE","DCs"
"101231","CD79A.3",3.37867640871397e-42,1.02716134734534,0.358,0.058,8.35580462639051e-38,49,"CD79A","B"
"101552","CXCR4.30",1.75455101544041e-24,0.989878804828136,0.911,0.435,4.33918011628568e-20,49,"CXCR4","B"
"102630","KRT19.31",1.97358332788668e-10,-6.9259615882401,0.057,0.314,4.88086892819654e-06,49,"KRT19","Epithelial"
"100898","HLA-DRA.27",9.41272874861329e-12,-3.61525824239874,0.195,0.455,2.32786194681955e-07,48,"HLA-DRA","Myeloid"
"99175","LYZ.38",5.78550391230718e-23,-5.40300948924326,0.116,0.497,1.43081297255269e-18,48,"LYZ","Myeloid"
"99090","CXCR4.29",3.7375057562222e-24,-6.17059415677752,0.03,0.438,9.24322548571312e-20,48,"CXCR4","B"
"97056","RGS5.1",1.28939609034887e-152,4.01006078485058,0.376,0.034,3.1888054710418e-148,47,"RGS5","Fibroblasts"
"97083","REG1A.3",2.79782678129532e-115,1.8215009604908,0.495,0.072,6.91930541282146e-111,47,"REG1A","Epithelial"
"97259","MUC1.19",4.76081065596603e-61,1.79076730991994,0.763,0.268,1.17739608332696e-56,47,"MUC1","Epithelial"
"97203","KRT18.27",3.85184732178888e-70,1.53917014168733,0.84,0.29,9.52600361151609e-66,47,"KRT18","Epithelial"
"97228","SPINK1.9",3.22443069938607e-66,1.44820986875064,0.711,0.212,7.9743395626517e-62,47,"SPINK1","Epithelial"
"97284","KRT8.28",4.43848577446717e-57,0.99670122827753,0.83,0.278,1.09768191688348e-52,47,"KRT8","Epithelial"
"97552","TFF1.9",1.26144226335968e-36,0.66779014386958,0.521,0.177,3.11967286151482e-32,47,"TFF1","Epithelial"
"97824","KRT19.30",7.41069522463145e-26,0.479367109432994,0.696,0.312,1.8327390360036e-21,47,"KRT19","Epithelial"
"97278","PRSS1.4",1.33389903307573e-58,-2.94145320770825,0.423,0.088,3.29886569869959e-54,47,"PRSS1","Epithelial"
"97840","IGLL5.7",4.19952500294477e-25,-4.3749422742258,0.505,0.187,1.03858452847827e-20,47,"IGLL5","B"
"95938","CLU.9",1.7214370367352e-49,3.41752103369196,0.55,0.225,4.25728593554982e-45,46,"CLU","Epithelial"
"95928","KRT18.26",4.35412516668965e-67,3.11637027955589,0.703,0.29,1.07681869497402e-62,46,"KRT18","Epithelial"
"95949","KRT8.27",1.29356823415305e-42,3.0269893029188,0.594,0.278,3.1991235998839e-38,46,"KRT8","Epithelial"
"95917","REG1A.2",4.71565923227513e-159,2.54894121632019,0.524,0.071,1.16622968473396e-154,46,"REG1A","Epithelial"
"95921","CTRB2.2",1.47375211599365e-119,1.98069189168369,0.358,0.043,3.64473635806391e-115,46,"CTRB2","Epithelial"
"96022","SPINK1.8",2.88030343820946e-28,1.57574622953136,0.485,0.212,7.12327843303582e-24,46,"SPINK1","Epithelial"
"95923","PRSS1.3",2.59651412374657e-102,-0.575341556996793,0.48,0.088,6.42143907943765e-98,46,"PRSS1","Epithelial"
"96069","LYZ.37",9.79344378961904e-26,-2.11155828515641,0.14,0.497,2.42201658361068e-21,46,"LYZ","Myeloid"
"96389","HLA-DRA.26",9.84539072692505e-18,-3.11815218412237,0.157,0.456,2.43486358067583e-13,46,"HLA-DRA","Myeloid"
"95987","CXCR4.28",5.53347389573091e-34,-5.92681676975103,0.022,0.438,1.36848342915321e-29,46,"CXCR4","B"
"90195","CLU.8",1.06812711324506e-218,3.80592933177993,0.966,0.223,2.64158516376636e-214,45,"CLU","Epithelial"
"90422","SPINK1.7",1.21202040313868e-151,3.35961905885744,0.885,0.21,2.99744765900226e-147,45,"SPINK1","Epithelial"
"89834","REG1A.1",0,3.02880192311854,0.936,0.069,0,45,"REG1A","Epithelial"
"90483","KRT8.26",1.72025268762605e-141,2.026314774978,0.996,0.276,4.254356921768e-137,45,"KRT8","Epithelial"
"90523","KRT18.25",1.11048667455703e-136,1.95316004302705,0.987,0.289,2.746344594847e-132,45,"KRT18","Epithelial"
"93430","TFF1.8",2.06187417058325e-36,1.75480846929441,0.483,0.177,5.09922101126943e-32,45,"TFF1","Epithelial"
"91527","MUC1.18",1.88996882965344e-67,1.37485562934172,0.799,0.268,4.67408191261592e-63,45,"MUC1","Epithelial"
"91176","KRT19.29",3.57560682739687e-81,0.837512303121799,0.97,0.31,8.84283324483519e-77,45,"KRT19","Epithelial"
"89892","CTRB2.1",0,0.242961938773272,0.714,0.041,0,45,"CTRB2","Epithelial"
"91374","IGFBP7.9",3.92809055361125e-72,-0.673001400205445,0.679,0.207,9.71456074813599e-68,45,"IGFBP7","Fibroblasts"
"90099","PRSS1.2",1.62930520883051e-280,-1.4940271910363,0.778,0.086,4.02943471195874e-276,45,"PRSS1","Epithelial"
"95770","HLA-DRA.25",1.38746163050434e-07,-2.00789953713338,0.774,0.453,0.00343133135840027,45,"HLA-DRA","Myeloid"
"93969","CXCR4.27",2.64798768956897e-31,-7.04735009300574,0.064,0.438,6.54873835507302e-27,45,"CXCR4","B"
"87981","NKG7.6",3.86319322627738e-297,4.20729260698432,0.851,0.138,9.55406316790708e-293,44,"NKG7","T_NK"
"87987","PRF1.4",3.24600083850714e-83,3.62374437210801,0.41,0.092,8.027684673712e-79,44,"PRF1","T_NK"
"87988","GZMB.4",5.60224690259431e-83,3.40603850519067,0.381,0.078,1.3854916814806e-78,44,"GZMB","T_NK"
"89660","HLA-DRA.24",5.61276721151193e-15,-2.09527560559287,0.187,0.456,1.38809345907901e-10,44,"HLA-DRA","Myeloid"
"89310","KRT19.28",1.67708558507238e-18,-3.0708329243028,0.06,0.315,4.14760036044251e-14,44,"KRT19","Epithelial"
"88926","KRT18.24",8.90370683400162e-21,-3.49549045169393,0.026,0.294,2.20197573711694e-16,44,"KRT18","Epithelial"
"88010","LYZ.35",1.8652554931631e-44,-4.29524444364742,0.034,0.498,4.61296336014167e-40,44,"LYZ","Myeloid"
"88787","KRT8.25",7.1313480828825e-22,-4.3148084432948,0.011,0.281,1.76365369437767e-17,44,"KRT8","Epithelial"
"86291","TOP2A.1",0,6.02782958557338,0.773,0.025,0,43,"TOP2A","T_NK"
"86293","MKI67.1",0,5.64149156904469,0.746,0.023,0,43,"MKI67","Epithelial"
"86477","KRT8.24",2.69633080435742e-145,2.04988291970911,0.885,0.276,6.66829571225634e-141,43,"KRT8","Epithelial"
"86461","KRT19.27",5.77293948176703e-158,2.03307328347568,0.953,0.309,1.4277056632358e-153,43,"KRT19","Epithelial"
"86503","KRT18.23",3.34184944503723e-125,1.85786136744895,0.881,0.288,8.26472786252157e-121,43,"KRT18","Epithelial"
"86818","MUC1.17",2.15783657680494e-66,1.17881645786883,0.729,0.268,5.3365456380963e-62,43,"MUC1","Epithelial"
"87626","TFF1.7",1.26898973452451e-29,0.598145571634771,0.431,0.177,3.13833851245256e-25,43,"TFF1","Epithelial"
"85575","KRT8.23",1.0309929468905e-23,-3.06996046567642,0.022,0.281,2.5497486569549e-19,42,"KRT8","Epithelial"
"85227","KRT18.22",8.67726338703381e-27,-3.48673954863458,0.013,0.294,2.14597400824733e-22,42,"KRT18","Epithelial"
"84699","HLA-DRA.23",1.82957455659642e-35,-3.61850447503909,0.082,0.457,4.5247208359186e-31,42,"HLA-DRA","Myeloid"
"85156","KRT19.26",1.19838258337716e-27,-3.61953081427549,0.025,0.315,2.96371996695004e-23,42,"KRT19","Epithelial"
"84458","LYZ.34",6.66279004638327e-49,-4.63916529072826,0.057,0.499,1.64777460637105e-44,42,"LYZ","Myeloid"
"84261","IGLL5.6",0,10.053578986458,0.861,0.184,0,41,"IGLL5","B"
"84259","IGJ.2",0,4.71704903828596,0.943,0.12,0,41,"IGJ","B"
"84264","CD79A.2",0,3.40113482675883,0.642,0.054,0,41,"CD79A","B"
"84285","CD27.5",1.0449558897853e-145,2.65644928957766,0.58,0.125,2.58428041102803e-141,41,"CD27","B"
"83463","CDH5",0,11.2218239820487,0.649,0.001,0,40,"CDH5","Endothelial"
"83444","VWF",0,9.80587910046789,0.789,0.01,0,40,"VWF","Endothelial"
"83505","MCAM.2",0,4.34616583618723,0.586,0.039,0,40,"MCAM","Fibroblasts"
"83450","IGFBP7.8",0,3.03442346979076,0.914,0.204,0,40,"IGFBP7","Fibroblasts"
"84142","LYZ.33",5.31004395455309e-44,-4.24240481954664,0.162,0.498,1.31322697040052e-39,40,"LYZ","Myeloid"
"84251","KRT19.25",1.26997931257551e-27,-4.9416451071,0.057,0.315,3.14078583793049e-23,40,"KRT19","Epithelial"
"76197","MUC1.16",7.27680738826469e-281,1.9256838813826,0.998,0.264,1.79962723519174e-276,39,"MUC1","Epithelial"
"77096","KRT19.24",6.10435045296647e-219,1.91069734537509,0.995,0.307,1.50966691052314e-214,39,"KRT19","Epithelial"
"76440","CLU.7",1.04879928971183e-261,1.56371815228563,0.936,0.22,2.59378552338631e-257,39,"CLU","Epithelial"
"77512","KRT8.22",1.36701196698535e-194,1.5109864172284,0.998,0.273,3.38075729555146e-190,39,"KRT8","Epithelial"
"82281","TFF1.6",8.35587104435532e-51,1.29287407943422,0.476,0.175,2.06649046797951e-46,39,"TFF1","Epithelial"
"77600","KRT18.21",7.41673752613981e-191,1.28035912365083,1,0.286,1.83423335758964e-186,39,"KRT18","Epithelial"
"81555","SPINK1.6",3.40226119955432e-72,0.670341174319748,0.631,0.21,8.41413217261778e-68,39,"SPINK1","Epithelial"
"76509","PDGFA.8",3.38150388843304e-256,0.187980160063788,0.815,0.144,8.36279726648375e-252,39,"PDGFA","Fibroblasts"
"82983","LYZ.32",5.75769741826382e-24,-0.952353090287202,0.975,0.491,1.42393614851083e-19,39,"LYZ","Myeloid"
"82662","ITGAE.7",2.52151540309458e-38,-1.63204876245445,0.638,0.236,6.2359597433932e-34,39,"ITGAE","DCs"
"83183","HLA-DRA.22",1.20116325114736e-14,-3.34158581500772,0.932,0.45,2.97059683641253e-10,39,"HLA-DRA","Myeloid"
"73947","NKG7.5",0,4.40012275306544,1,0.134,0,38,"NKG7","T_NK"
"73948","PRF1.3",0,3.93737616535787,0.945,0.086,0,38,"PRF1","T_NK"
"73952","GZMB.3",0,3.56508956663084,0.874,0.072,0,38,"GZMB","T_NK"
"73965","CD8A.1",0,3.52771976707778,0.717,0.066,0,38,"CD8A","T_NK"
"73958","CD3D.4",0,2.63974180160233,0.947,0.187,0,38,"CD3D","T_NK"
"73960","CD3E.5",0,2.49558077829014,0.934,0.186,0,38,"CD3E","T_NK"
"73979","CD2.6",1.36108571186487e-306,2.22834193076809,0.898,0.196,3.36610107401302e-302,38,"CD2","T_NK"
"74022","TIGIT.3",6.00416405279906e-138,2.21904358033549,0.363,0.065,1.48488981189773e-133,38,"TIGIT","T_NK"
"74089","CXCR4.26",3.54562551833397e-87,0.909058376484077,0.863,0.432,8.76868646939175e-83,38,"CXCR4","B"
"74139","FCGR3A.5",1.14239334214883e-60,0.830765071275573,0.471,0.165,2.82525297446828e-56,38,"FCGR3A","Myeloid"
"74157","CD69.8",2.56619050562946e-55,0.587474636425545,0.573,0.235,6.34644573947221e-51,38,"CD69","T_NK"
"74240","KRT18.20",1.32794397146932e-34,-5.47692997220067,0.031,0.294,3.28413823584078e-30,38,"KRT18","Epithelial"
"74238","KRT8.21",9.040910892198e-35,-5.89400885405581,0.02,0.282,2.23590767274949e-30,38,"KRT8","Epithelial"
"74122","LYZ.31",5.61363637810175e-69,-6.59090089506148,0.08,0.5,1.38830841266834e-64,38,"LYZ","Myeloid"
"71888","IDO1",0,6.60072870832517,0.322,0.006,0,37,"IDO1","DCs"
"71857","CD1C",0,6.37229130460999,0.632,0.016,0,37,"CD1C","DCs"
"71875","BATF3.1",0,4.03402239198461,0.514,0.042,0,37,"BATF3","DCs"
"71899","HLA-DRA.21",1.79685775532671e-295,3.21459919231313,1,0.449,4.44380891469849e-291,37,"HLA-DRA","Myeloid"
"71985","IRF8.5",3.76788280363045e-177,2.70723090937293,0.586,0.135,9.31835096165846e-173,37,"IRF8","DCs"
"71935","CD4.4",3.48462114289815e-225,1.57260219919634,0.792,0.178,8.61781654850143e-221,37,"CD4","T_NK"
"72282","LYZ.30",6.66640861858778e-84,1.53332266381873,0.877,0.492,1.64866951546294e-79,37,"LYZ","Myeloid"
"72877","ITGAE.6",2.929642403408e-45,0.367749384227761,0.547,0.237,7.24529862786833e-41,37,"ITGAE","DCs"
"72189","IGFBP7.7",1.98790499137746e-99,-2.74125648840631,0.663,0.205,4.9162878341756e-95,37,"IGFBP7","Fibroblasts"
"73398","IGLL5.5",5.59087460020557e-31,-5.20681753474218,0.442,0.186,1.38267919737684e-26,37,"IGLL5","B"
"71260","NCAM1.1",0,4.51176874212646,0.281,0.011,0,36,"NCAM1","T_NK"
"71215","GZMB.2",0,3.52197538833869,0.767,0.073,0,36,"GZMB","T_NK"
"71207","PRF1.2",0,3.37178304748585,0.843,0.086,0,36,"PRF1","T_NK"
"71230","TIGIT.2",0,2.91405839664743,0.636,0.063,0,36,"TIGIT","T_NK"
"71282","ITGAE.5",1.53934498773147e-254,2.87302224931419,0.804,0.234,3.8069540891587e-250,36,"ITGAE","DCs"
"71208","NKG7.4",0,2.6384938095828,0.891,0.135,0,36,"NKG7","T_NK"
"71212","CD69.7",0,2.39305031129753,0.943,0.232,0,36,"CD69","T_NK"
"71267","CD3E.4",7.11490514716884e-298,2.18917559690548,0.878,0.187,1.75958719194903e-293,36,"CD3E","T_NK"
"71342","CD2.5",6.28398401695891e-145,1.24248027599366,0.721,0.197,1.55409208723411e-140,36,"CD2","T_NK"
"71511","LYZ.29",4.06263236797844e-66,-6.5952941638366,0.105,0.499,1.00472961092475e-61,36,"LYZ","Myeloid"
"65001","IL6",0,4.97718296611355,0.491,0.014,0,35,"IL6","Fibroblasts"
"64734","MUC1.15",0,2.79215786908833,0.944,0.264,0,35,"MUC1","Epithelial"
"65325","KRT18.19",1.61241840386512e-277,2.59451830619204,0.938,0.286,3.98767195459883e-273,35,"KRT18","Epithelial"
"65290","KRT19.23",1.21042665813191e-285,2.46258037970638,0.979,0.307,2.99350616822602e-281,35,"KRT19","Epithelial"
"65330","KRT8.20",4.39012003520613e-276,2.33010603691626,0.942,0.273,1.08572058590683e-271,35,"KRT8","Epithelial"
"65101","MCAM.1",0,1.09182220742288,0.427,0.039,0,35,"MCAM","Fibroblasts"
"68320","CLU.6",2.84645631840527e-75,0.192996023695675,0.632,0.223,7.03957112104807e-71,35,"CLU","Epithelial"
"67820","HLA-DRA.20",2.86383753237307e-89,-0.434136566498271,0.944,0.449,7.08255660131184e-85,35,"HLA-DRA","Myeloid"
"68273","TFF1.5",8.64836580942833e-77,-1.7256444635942,0.56,0.174,2.13882734832972e-72,35,"TFF1","Epithelial"
"63628","COL1A1.4",0,5.35259869766,0.872,0.13,0,34,"COL1A1","Fibroblasts"
"63625","COL3A1.2",0,5.16287875585669,0.859,0.079,0,34,"COL3A1","Fibroblasts"
"63627","DCN.2",0,4.25958049046032,0.807,0.065,0,34,"DCN","Fibroblasts"
"63631","IGFBP7.6",0,3.1998782441552,0.821,0.203,0,34,"IGFBP7","Fibroblasts"
"63672","ACTA2.2",4.18228142919929e-122,2.85785836702653,0.399,0.098,1.03432002025528e-117,34,"ACTA2","Fibroblasts"
"63853","HLA-DRA.19",2.59598972326374e-41,-3.09183957638825,0.143,0.457,6.42014218460355e-37,34,"HLA-DRA","Myeloid"
"63703","LYZ.28",1.8719149701554e-64,-3.48545934180099,0.1,0.5,4.62943291269131e-60,34,"LYZ","Myeloid"
"63707","CXCR4.25",7.98725681622776e-63,-4.2458348973665,0.047,0.44,1.97532848322129e-58,34,"CXCR4","B"
"63926","KRT19.22",1.11305092747934e-37,-4.30360992025978,0.045,0.316,2.75268624874916e-33,34,"KRT19","Epithelial"
"63108","KRT19.21",0,3.33050524449785,0.95,0.306,0,33,"KRT19","Epithelial"
"63137","KRT8.19",8.98111577266894e-85,1.94585546598628,0.59,0.276,2.22111974173876e-80,33,"KRT8","Epithelial"
"63145","KRT18.18",2.6835651944759e-80,1.84276620884998,0.596,0.289,6.63672508245835e-76,33,"KRT18","Epithelial"
"63187","LYZ.27",2.25671513179469e-57,-4.36294653086998,0.161,0.499,5.58108219244144e-53,33,"LYZ","Myeloid"
"63176","HLA-DRA.18",8.25785052808243e-61,-4.88348854183964,0.095,0.458,2.04224901410007e-56,33,"HLA-DRA","Myeloid"
"63149","CXCR4.24",6.3788390139506e-74,-5.57065860903368,0.025,0.441,1.57755067654012e-69,33,"CXCR4","B"
"60495","MARCO.2",0,4.93240823222261,0.919,0.052,0,32,"MARCO","Myeloid"
"60567","APOE.5",0,3.10457049923984,0.857,0.207,0,32,"APOE","Fibroblasts"
"60515","FCGR3A.4",0,2.77640502927641,0.906,0.159,0,32,"FCGR3A","Myeloid"
"60507","CD14.4",0,2.63666347095083,0.957,0.193,0,32,"CD14","Myeloid"
"60706","IRF8.4",2.51252304912945e-276,1.69890334670151,0.662,0.134,6.21372075280203e-272,32,"IRF8","DCs"
"61061","ITGAE.4",5.69651519234568e-151,1.63054443402615,0.692,0.235,1.40880517221901e-146,32,"ITGAE","DCs"
"60680","ITGAM.5",1.20435800062099e-292,1.49062808316502,0.811,0.173,2.97849777133578e-288,32,"ITGAM","Myeloid"
"61141","LYZ.26",2.12708113958134e-135,0.913176747862555,0.989,0.49,5.26048436629861e-131,32,"LYZ","Myeloid"
"61913","C1QA.4",1.72986099630361e-65,0.382230659407519,0.4,0.13,4.27811922995846e-61,32,"C1QA","Myeloid"
"61568","CXCR4.23",1.31054108115864e-86,0.255491232131938,0.951,0.431,3.24109914781344e-82,32,"CXCR4","B"
"61475","HLA-DRA.17",1.92644360825789e-94,-0.301792897233074,0.946,0.449,4.76428768758258e-90,32,"HLA-DRA","Myeloid"
"61422","NKG7.3",1.59161929153919e-99,-1.21001428896816,0.501,0.138,3.93623366990556e-95,32,"NKG7","T_NK"
"62430","KRT19.20",4.54540228714301e-44,-7.63778247616528,0.039,0.316,1.12412343963334e-39,32,"KRT19","Epithelial"
"59750","TFF1.4",0,3.0407129294802,0.759,0.171,0,31,"TFF1","Epithelial"
"59749","MUC1.14",0,2.57424644786783,0.875,0.263,0,31,"MUC1","Epithelial"
"59779","KRT8.18",2.88804948146622e-129,1.72871091074817,0.699,0.275,7.14243517261412e-125,31,"KRT8","Epithelial"
"59775","KRT19.19",3.25194039555126e-137,1.58200967163792,0.779,0.308,8.04237379223781e-133,31,"KRT19","Epithelial"
"59898","KRT18.17",1.63361497936163e-57,0.952466919069793,0.588,0.289,4.04009320545925e-53,31,"KRT18","Epithelial"
"59783","LYZ.25",4.62873403056969e-124,0.702086128401644,0.913,0.491,1.14473221310019e-119,31,"LYZ","Myeloid"
"59828","CXCR4.22",1.63162887272567e-74,-4.38188420264011,0.033,0.441,4.03518136513786e-70,31,"CXCR4","B"
"56580","KRT18.16",8.30835450932074e-307,2.07493409937717,0.955,0.284,2.05473915370011e-302,30,"KRT18","Epithelial"
"56677","KRT19.18",6.24029842137828e-253,1.71241027661141,0.95,0.305,1.54328820259106e-248,30,"KRT19","Epithelial"
"56409","SPINK1.5",0,1.55454950925782,0.949,0.205,0,30,"SPINK1","Epithelial"
"56671","KRT8.17",6.06931269418506e-255,1.54173970556424,0.937,0.272,1.50100172239891e-250,30,"KRT8","Epithelial"
"57340","PDGFA.7",3.58731089651832e-115,1.18373118692285,0.491,0.146,8.87177857817946e-111,30,"PDGFA","Fibroblasts"
"57654","MUC1.13",5.93750677028729e-95,0.322278662059437,0.735,0.265,1.46840479935975e-90,30,"MUC1","Epithelial"
"58121","LYZ.24",3.04848284394619e-74,0.194150316507057,0.908,0.491,7.53920292136331e-70,30,"LYZ","Myeloid"
"56663","PRSS1.1",1.08602648691209e-257,-2.48929751393154,0.5,0.085,2.68585210478228e-253,30,"PRSS1","Epithelial"
"49587","KRT18.15",0,3.18720672836078,0.998,0.283,0,29,"KRT18","Epithelial"
"49565","KRT8.16",0,2.49535236752075,0.994,0.27,0,29,"KRT8","Epithelial"
"49540","MUC1.12",0,2.42997979956337,0.991,0.261,0,29,"MUC1","Epithelial"
"49634","KRT19.17",0,2.39171662172589,0.997,0.304,0,29,"KRT19","Epithelial"
"52638","PDGFA.6",1.12612475977108e-150,0.464675674755034,0.558,0.145,2.78501914338986e-146,29,"PDGFA","Fibroblasts"
"55776","ITGAE.3",3.97345582476942e-41,-0.801775108750294,0.548,0.236,9.82675360023726e-37,29,"ITGAE","DCs"
"55865","HLA-DRA.16",4.70692453696072e-37,-2.35730042955083,0.913,0.448,1.16406950723575e-32,29,"HLA-DRA","Myeloid"
"55923","IGFBP7.5",4.02017840047187e-34,-3.53470875029149,0.457,0.206,9.94230320220699e-30,29,"IGFBP7","Fibroblasts"
"52471","COL1A1.3",1.65544204573367e-157,-3.99415882240411,0.547,0.132,4.09407372330394e-153,29,"COL1A1","Fibroblasts"
"55018","CXCR4.21",3.21115001066723e-68,-6.07988837515997,0.123,0.44,7.94149509138113e-64,29,"CXCR4","B"
"44548","MUC1.11",0,3.08302448121476,0.995,0.26,0,28,"MUC1","Epithelial"
"44633","SPINK1.4",0,2.74715342012385,0.882,0.205,0,28,"SPINK1","Epithelial"
"44538","TFF1.3",0,2.71990082484589,0.911,0.168,0,28,"TFF1","Epithelial"
"44703","PDGFA.5",0,2.43626575466652,0.783,0.142,0,28,"PDGFA","Fibroblasts"
"44608","KRT19.16",0,1.94416779129137,0.998,0.304,0,28,"KRT19","Epithelial"
"44584","KRT8.15",0,1.91185310541999,0.979,0.27,0,28,"KRT8","Epithelial"
"45206","KRT18.14",1.27865430451528e-302,1.19118533034285,0.977,0.283,3.16223996049189e-298,28,"KRT18","Epithelial"
"45832","LYZ.22",5.68177415799653e-178,0.834389398174981,0.992,0.489,1.40515956701412e-173,28,"LYZ","Myeloid"
"48720","CLU.5",4.20464210326599e-41,-1.27586959097248,0.511,0.223,1.03985003855871e-36,28,"CLU","Epithelial"
"43499","MKI67",0,6.30589299618613,0.655,0.018,0,27,"MKI67","Epithelial"
"43502","TOP2A",0,5.66504955013666,0.618,0.021,0,27,"TOP2A","T_NK"
"43984","NKG7.2",4.20689872230303e-83,1.35257840971086,0.391,0.138,1.04040812301276e-78,27,"NKG7","T_NK"
"43895","ITGAE.2",7.38191871780793e-101,1.33102356499509,0.571,0.235,1.82562231810108e-96,27,"ITGAE","DCs"
"44465","CXCR4.20",6.02314493056781e-29,0.296900611668755,0.689,0.432,1.48958397277873e-24,27,"CXCR4","B"
"44406","CD69.6",3.75665291676821e-43,0.287085562733155,0.49,0.235,9.29057832845946e-39,27,"CD69","T_NK"
"37127","KRT19.15",0,3.11219177368119,1,0.302,0,26,"KRT19","Epithelial"
"37069","KRT8.14",0,1.83565217568621,0.989,0.269,0,26,"KRT8","Epithelial"
"37113","MUC1.10",0,1.63832421934039,0.961,0.259,0,26,"MUC1","Epithelial"
"37098","KRT18.13",0,1.23846659426144,0.989,0.281,0,26,"KRT18","Epithelial"
"37599","PDGFA.4",0,1.16546107068818,0.701,0.142,0,26,"PDGFA","Fibroblasts"
"38064","CDH11.2",0,0.556032759428047,0.384,0.041,0,26,"CDH11","Fibroblasts"
"42267","CLU.4",7.32524788803147e-91,-1.40536103346393,0.623,0.22,1.81160705518906e-86,26,"CLU","Epithelial"
"41592","IGFBP7.4",7.59912922244331e-119,-2.25980453324781,0.592,0.203,1.87934064800246e-114,26,"IGFBP7","Fibroblasts"
"40624","COL1A1.2",4.04378953926043e-154,-2.56362934637105,0.495,0.132,1.0000695909545e-149,26,"COL1A1","Fibroblasts"
"42147","CXCR4.19",9.84429066190907e-96,-6.63856774946491,0.068,0.442,2.43459152359673e-91,26,"CXCR4","B"
"42462","HLA-DRA.14",8.56871612921232e-80,-6.84290674727855,0.148,0.459,2.1191291859155e-75,26,"HLA-DRA","Myeloid"
"36642","PRF1.1",0,5.45681137554957,0.948,0.08,0,25,"PRF1","T_NK"
"36703","NCAM1",0,5.07281438578392,0.267,0.01,0,25,"NCAM1","T_NK"
"36643","NKG7.1",0,5.06042332469098,0.995,0.128,0,25,"NKG7","T_NK"
"36646","GZMB.1",0,4.99378505004662,0.897,0.066,0,25,"GZMB","T_NK"
"36662","FCGR3A.3",0,2.67394714444536,0.811,0.157,0,25,"FCGR3A","Myeloid"
"36750","TIGIT.1",4.65346779959712e-191,2.1280518676057,0.332,0.064,1.15084912151836e-186,25,"TIGIT","T_NK"
"36779","CD69.5",2.6741223834638e-145,1.24969903208239,0.631,0.232,6.61337206654431e-141,25,"CD69","T_NK"
"36821","CD2.4",4.34463859807636e-107,0.916914020825304,0.535,0.197,1.07447257169027e-102,25,"CD2","T_NK"
"36836","IGFBP7.3",1.56809922843945e-97,-1.40576557973848,0.5,0.204,3.87806620185361e-93,25,"IGFBP7","Fibroblasts"
"36932","KRT18.12",1.35059770858208e-55,-4.96828712887987,0.039,0.296,3.34016319309435e-51,25,"KRT18","Epithelial"
"36819","LYZ.21",9.46488426851294e-109,-5.94497614538332,0.103,0.502,2.34076052844593e-104,25,"LYZ","Myeloid"
"34878","MUC1.9",0,2.23471327671136,0.967,0.258,0,24,"MUC1","Epithelial"
"34872","KRT8.13",0,2.09467182190962,0.988,0.268,0,24,"KRT8","Epithelial"
"34889","KRT18.11",0,1.14201212652209,0.977,0.28,0,24,"KRT18","Epithelial"
"35888","PDGFA.3",1.77713164795364e-121,1.0511963760274,0.442,0.146,4.39502427855416e-117,24,"PDGFA","Fibroblasts"
"34977","TFF1.2",0,1.02495413911411,0.74,0.169,0,24,"TFF1","Epithelial"
"35333","LYZ.20",5.66675686864507e-245,0.958534153404489,0.99,0.487,1.40144564118461e-240,24,"LYZ","Myeloid"
"34894","KRT19.14",0,0.694242257661104,0.983,0.302,0,24,"KRT19","Epithelial"
"36027","IGJ.1",7.23566891860175e-101,-4.00633583855353,0.395,0.122,1.7894532802594e-96,24,"IGJ","B"
"36322","CXCR4.18",7.58896064027277e-73,-5.00654489555592,0.165,0.441,1.87682585594586e-68,24,"CXCR4","B"
"33590","RGS5",0,7.41196815151247,0.708,0.023,0,23,"RGS5","Fibroblasts"
"33537","MCAM",0,6.70225162819203,0.857,0.029,0,23,"MCAM","Fibroblasts"
"33532","ACTA2.1",0,6.47428796354164,0.928,0.087,0,23,"ACTA2","Fibroblasts"
"33538","PDGFRB.1",0,5.51221472379756,0.862,0.036,0,23,"PDGFRB","Fibroblasts"
"33552","IGFBP7.2",0,4.73301088530844,0.988,0.196,0,23,"IGFBP7","Fibroblasts"
"33609","PDGFA.2",0,3.9529957555026,0.782,0.14,0,23,"PDGFA","Fibroblasts"
"34410","CLU.3",2.63924844793874e-89,2.73246207020465,0.478,0.222,6.5271253365973e-85,23,"CLU","Epithelial"
"33747","CDH11.1",0,2.63947199706909,0.514,0.039,0,23,"CDH11","Fibroblasts"
"33555","COL3A1.1",0,2.11515121101344,0.855,0.074,0,23,"COL3A1","Fibroblasts"
"33581","DCN.1",0,1.92759831687698,0.776,0.06,0,23,"DCN","Fibroblasts"
"33573","COL1A1.1",0,1.70347798443992,0.855,0.125,0,23,"COL1A1","Fibroblasts"
"34523","CXCR4.17",1.49308380880864e-74,-3.84892645737774,0.144,0.441,3.69254556756466e-70,23,"CXCR4","B"
"34062","IGLL5.4",6.01763295098238e-211,-3.89756393196753,0.642,0.181,1.48822080510745e-206,23,"IGLL5","B"
"34480","LYZ.19",3.00924904164149e-80,-4.13361782832436,0.218,0.501,7.44217380488357e-76,23,"LYZ","Myeloid"
"34584","KRT19.13",8.10188307180118e-67,-4.78314149221664,0.036,0.318,2.00367670248715e-62,23,"KRT19","Epithelial"
"33288","FOXP3",0,7.5523428467119,0.586,0.007,0,22,"FOXP3","T_NK"
"33274","TIGIT",0,5.14849069187867,0.837,0.054,0,22,"TIGIT","T_NK"
"33286","CD27.4",0,3.09124675738778,0.707,0.118,0,22,"CD27","B"
"33277","CD2.3",0,2.64346748752703,0.92,0.189,0,22,"CD2","T_NK"
"33276","CD3D.3",0,2.5851800462081,0.921,0.181,0,22,"CD3D","T_NK"
"33283","CD3E.3",0,2.22081443799811,0.811,0.182,0,22,"CD3E","T_NK"
"33368","CD4.3",2.70299762726715e-164,1.97519138979232,0.51,0.178,6.68478343199439e-160,22,"CD4","T_NK"
"33351","CXCR4.16",1.1228201894725e-189,1.10231053045869,0.885,0.428,2.77684661058444e-185,22,"CXCR4","B"
"33398","LYZ.18",5.65801847252448e-115,-5.391327644305,0.113,0.503,1.39928454844003e-110,22,"LYZ","Myeloid"
"33480","KRT18.10",1.7355114372734e-64,-5.49316181611211,0.031,0.297,4.29209333552085e-60,22,"KRT18","Epithelial"
"33495","MUC1.8",1.56525690510654e-60,-5.92266262635396,0.023,0.275,3.87103685201898e-56,22,"MUC1","Epithelial"
"33473","KRT8.12",7.44463334360494e-66,-5.94232012270075,0.017,0.285,1.84113227220694e-61,22,"KRT8","Epithelial"
"33445","KRT19.12",1.49081585318004e-74,-6.54476026936432,0.024,0.318,3.68693668649956e-70,22,"KRT19","Epithelial"
"31779","FCGR3B.2",0,3.7009943686455,0.606,0.094,0,21,"FCGR3B","Myeloid"
"31785","CXCR4.15",0,3.19051324612045,0.849,0.428,0,21,"CXCR4","B"
"32927","KRT8.11",2.70942472285425e-60,-2.76291675173083,0.034,0.285,6.70067828209086e-56,21,"KRT8","Epithelial"
"32888","KRT18.9",1.37833655971561e-61,-2.8895580158352,0.041,0.297,3.40876414583266e-57,21,"KRT18","Epithelial"
"32844","KRT19.11",2.48486079679748e-63,-3.35331263129651,0.057,0.318,6.14530923655984e-59,21,"KRT19","Epithelial"
"30773","SPINK1.3",0,1.75642710584926,0.874,0.2,0,20,"SPINK1","Epithelial"
"30788","KRT19.10",0,1.71759990088268,0.929,0.301,0,20,"KRT19","Epithelial"
"31369","PDGFA.1",1.68937843816465e-142,1.65226035624108,0.426,0.145,4.17800181542501e-138,20,"PDGFA","Fibroblasts"
"30795","KRT8.10",0,1.46379292029871,0.882,0.268,0,20,"KRT8","Epithelial"
"31007","KRT18.8",1.88432571932676e-290,1.23020816345148,0.837,0.281,4.66012593646701e-286,20,"KRT18","Epithelial"
"30995","TFF1.1",2.08771947499088e-299,0.524438188703667,0.641,0.169,5.16313903353136e-295,20,"TFF1","Epithelial"
"31753","MUC1.7",2.48517671300543e-47,-0.501930738686766,0.544,0.265,6.14609052893374e-43,20,"MUC1","Epithelial"
"31757","LYZ.17",2.69339232273863e-25,-1.31490874477347,0.801,0.49,6.66102855336491e-21,20,"LYZ","Myeloid"
"31465","CXCR4.14",4.83294498279979e-122,-5.54389746200467,0.058,0.444,1.19523562369622e-117,20,"CXCR4","B"
"31423","HLA-DRA.13",1.0450452672064e-130,-7.63206487444169,0.061,0.462,2.58450145032815e-126,20,"HLA-DRA","Myeloid"
"30392","MS4A1",0,8.94081385076717,0.975,0.008,0,19,"MS4A1","B"
"30393","CD79A.1",0,5.12985716761422,0.934,0.041,0,19,"CD79A","B"
"30417","IRF8.3",0,3.21619701699284,0.641,0.129,0,19,"IRF8","DCs"
"30410","HLA-DRA.12",0,1.78340617276468,0.994,0.443,0,19,"HLA-DRA","Myeloid"
"30420","CXCR4.13",0,1.59371101909926,0.929,0.426,0,19,"CXCR4","B"
"30485","CD69.4",1.82759542630142e-191,1.36700636396835,0.636,0.23,4.51982624878605e-187,19,"CD69","T_NK"
"30671","KRT18.7",3.25651446299023e-68,-5.0106622015399,0.041,0.297,8.05368591842114e-64,19,"KRT18","Epithelial"
"30668","KRT8.9",1.38438605226733e-68,-5.28761816222122,0.029,0.285,3.42372514586233e-64,19,"KRT8","Epithelial"
"30507","LYZ.16",1.03250363625174e-149,-6.42509568150876,0.069,0.504,2.55348474281418e-145,19,"LYZ","Myeloid"
"29247","APOE.4",0,3.67506854918826,0.757,0.203,0,18,"APOE","Fibroblasts"
"29253","C1QA.3",0,2.97857049277256,0.515,0.125,0,18,"C1QA","Myeloid"
"29250","HLA-DRA.11",0,2.06660060278125,0.927,0.445,0,18,"HLA-DRA","Myeloid"
"29269","LYZ.15",2.67161299374201e-191,1.70691000693999,0.826,0.489,6.60716609482336e-187,18,"LYZ","Myeloid"
"29633","KRT8.8",1.68288579504937e-65,-3.51910235671251,0.033,0.285,4.1619448597366e-61,18,"KRT8","Epithelial"
"29564","KRT18.6",2.31735160406054e-68,-3.7121245286107,0.037,0.297,5.73104225200211e-64,18,"KRT18","Epithelial"
"29464","KRT19.9",2.87157866672261e-74,-4.49348277460982,0.044,0.319,7.10170120067169e-70,18,"KRT19","Epithelial"
"26964","PRSS1",0,11.2791323173231,0.999,0.07,0,17,"PRSS1","Epithelial"
"26961","CTRB2",0,8.63604770126171,0.985,0.024,0,17,"CTRB2","Epithelial"
"26963","REG1A",0,8.46783048086812,0.989,0.054,0,17,"REG1A","Epithelial"
"26970","SPINK1.2",0,4.8550250972766,0.994,0.197,0,17,"SPINK1","Epithelial"
"28800","KRT19.8",8.55337454272273e-75,-4.67127343331309,0.051,0.319,2.11533505816076e-70,17,"KRT19","Epithelial"
"27397","CXCR4.12",1.40843914948988e-144,-5.05299745475683,0.02,0.445,3.48321086060341e-140,17,"CXCR4","B"
"27442","LYZ.14",1.14397538389439e-138,-5.06228915041206,0.1,0.504,2.82916552190921e-134,17,"LYZ","Myeloid"
"27559","HLA-DRA.10",5.3229876867175e-128,-5.14427339221658,0.066,0.462,1.3164280848021e-123,17,"HLA-DRA","Myeloid"
"25881","IGJ",0,7.36362099881998,0.988,0.107,0,16,"IGJ","B"
"25879","CD79A",0,5.13498729559897,0.975,0.038,0,16,"CD79A","B"
"25893","CD27.3",0,3.63264494633281,0.87,0.112,0,16,"CD27","B"
"25885","IGLL5.3",0,1.5899492126527,0.992,0.171,0,16,"IGLL5","B"
"26704","ITGAE.1",3.59972584638188e-91,0.659619541358867,0.495,0.234,8.90248199068703e-87,16,"ITGAE","DCs"
"26548","IGFBP7.1",4.13143046433186e-134,-2.92153514014774,0.548,0.202,1.02174406813391e-129,16,"IGFBP7","Fibroblasts"
"26920","HLA-DRA.9",2.21348450438609e-24,-2.98148013787711,0.807,0.446,5.47416852779723e-20,16,"HLA-DRA","Myeloid"
"26143","TPSAB1.1",0,-3.97906219843256,0.407,0.069,0,16,"TPSAB1","Mast"
"20959","MARCO.1",0,3.97029823305952,0.779,0.046,0,15,"MARCO","Myeloid"
"20930","APOE.3",0,3.89329692117803,0.956,0.198,0,15,"APOE","Fibroblasts"
"20913","C1QA.2",0,3.7181021472904,0.91,0.115,0,15,"C1QA","Myeloid"
"20931","CD14.3",0,2.61759584646264,0.941,0.185,0,15,"CD14","Myeloid"
"21376","HLA-DRA.8",0,2.51129496710352,0.997,0.442,0,15,"HLA-DRA","Myeloid"
"21776","BATF3",0,1.52588814031281,0.362,0.04,0,15,"BATF3","DCs"
"20942","ITGAM.4",0,1.4454606021026,0.908,0.164,0,15,"ITGAM","Myeloid"
"21031","CD4.2",0,1.41091470081667,0.853,0.169,0,15,"CD4","T_NK"
"21846","LYZ.13",1.22543170600424e-303,1.29600946752332,0.996,0.484,3.03061515215936e-299,15,"LYZ","Myeloid"
"21071","FCGR3A.2",0,1.21585870361167,0.815,0.153,0,15,"FCGR3A","Myeloid"
"21042","IRF8.2",0,1.13629455508151,0.801,0.125,0,15,"IRF8","DCs"
"23867","ITGAE",9.56476603264317e-109,-0.191451730415271,0.596,0.232,2.36546228753298e-104,15,"ITGAE","DCs"
"25794","CXCR4.11",7.84267384284649e-12,-2.03849687775341,0.784,0.428,1.93957166807437e-07,15,"CXCR4","B"
"20738","MARCO",0,3.04886871689914,0.327,0.055,0,14,"MARCO","Myeloid"
"20711","APOE.2",0,2.24912605577478,0.652,0.204,0,14,"APOE","Fibroblasts"
"20712","FCGR3A.1",0,1.9588092773716,0.604,0.157,0,14,"FCGR3A","Myeloid"
"20814","ITGAM.3",2.55269188836304e-187,1.57069096970972,0.489,0.172,6.31306230911064e-183,14,"ITGAM","Myeloid"
"20810","CD14.2",3.41187085620104e-194,1.33929218557313,0.553,0.193,8.43789781447079e-190,14,"CD14","Myeloid"
"20777","C1QA.1",9.31674754833695e-243,1.25367820957147,0.465,0.125,2.30412483617921e-238,14,"C1QA","Myeloid"
"20707","HLA-DRA.7",0,1.22081622005889,0.904,0.443,0,14,"HLA-DRA","Myeloid"
"20790","LYZ.12",6.13464181057388e-224,0.909092366039059,0.906,0.486,1.51715826617303e-219,14,"LYZ","Myeloid"
"20593","CXCR4.10",4.39044090886699e-76,-0.835932596919198,0.141,0.444,1.0857999411719e-71,13,"CXCR4","B"
"19961","LYZ.11",1.38603759735574e-96,-3.11367415130567,0.212,0.503,3.42780958202049e-92,13,"LYZ","Myeloid"
"14543","DCN",0,6.75321993346136,0.998,0.048,0,12,"DCN","Fibroblasts"
"15632","GLI1",0,6.40943335730088,0.291,0.002,0,12,"GLI1","Fibroblasts"
"14561","CDH11",0,6.09474486906592,0.931,0.023,0,12,"CDH11","Fibroblasts"
"14550","COL3A1",0,5.95062729531883,0.994,0.063,0,12,"COL3A1","Fibroblasts"
"14574","COL1A1",0,5.85737071988013,0.996,0.115,0,12,"COL1A1","Fibroblasts"
"15504","GLI2",0,5.36436635246062,0.352,0.007,0,12,"GLI2","Fibroblasts"
"15311","GLI3",0,5.28732334150124,0.428,0.006,0,12,"GLI3","Fibroblasts"
"14605","IGFBP7",0,5.02671954164702,1,0.188,0,12,"IGFBP7","Fibroblasts"
"14697","PDPN",0,5.00085750248348,0.732,0.024,0,12,"PDPN","Fibroblasts"
"14570","PDGFRB",0,4.34160110132513,0.92,0.027,0,12,"PDGFRB","Fibroblasts"
"14636","ACTA2",0,3.56779280274994,0.865,0.081,0,12,"ACTA2","Fibroblasts"
"16395","CLU.2",3.96443021577692e-177,0.36925975012653,0.593,0.217,9.8044323666379e-173,12,"CLU","Epithelial"
"17527","APOE.1",2.67023294155087e-86,-1.16044221842872,0.472,0.208,6.60375308774947e-82,12,"APOE","Fibroblasts"
"17008","CXCR4.9",1.11579778574593e-122,-4.78503863509545,0.137,0.444,2.75947950392826e-118,12,"CXCR4","B"
"16779","LYZ.10",6.67923554900303e-141,-4.80604284521268,0.195,0.504,1.65184174362394e-136,12,"LYZ","Myeloid"
"17565","IGLL5.2",4.40635704301187e-83,-5.45997372424222,0.451,0.182,1.08973616030727e-78,12,"IGLL5","B"
"14258","CD2.2",0,2.78617465363356,0.947,0.181,0,11,"CD2","T_NK"
"14256","CD3D.2",0,2.54428124089592,0.97,0.172,0,11,"CD3D","T_NK"
"14264","CD69.3",0,2.35044451474006,0.835,0.222,0,11,"CD69","T_NK"
"14259","CD3E.2",0,2.33639782173963,0.92,0.173,0,11,"CD3E","T_NK"
"14269","CXCR4.8",0,1.96460835767454,0.97,0.421,0,11,"CXCR4","B"
"14426","CD27.2",2.23988324077028e-148,1.27824219936123,0.373,0.122,5.53945524274897e-144,11,"CD27","B"
"14395","LYZ.9",3.44083671477043e-176,-5.87658285694103,0.12,0.506,8.50953327929875e-172,11,"LYZ","Myeloid"
"14503","KRT8.7",3.35123534630185e-97,-6.06698995531554,0.024,0.287,8.28794013493911e-93,11,"KRT8","Epithelial"
"14519","MUC1.6",2.8488794883366e-92,-6.1430948715253,0.024,0.277,7.04556386260523e-88,11,"MUC1","Epithelial"
"14469","KRT19.7",2.61123325807454e-112,-6.50263856967259,0.027,0.321,6.45784097054414e-108,11,"KRT19","Epithelial"
"13005","LYZ.8",0,3.13520937731949,1,0.481,0,10,"LYZ","Myeloid"
"12809","CD14.1",0,2.38532459473905,0.894,0.181,0,10,"CD14","Myeloid"
"12891","CD4.1",0,1.8537653388957,0.765,0.167,0,10,"CD4","T_NK"
"12951","ITGAM.2",0,1.62950736757189,0.721,0.164,0,10,"ITGAM","Myeloid"
"13216","IRF8.1",0,1.29829985109986,0.533,0.128,0,10,"IRF8","DCs"
"12962","HLA-DRA.6",0,0.573241195208589,0.983,0.439,0,10,"HLA-DRA","Myeloid"
"10992","LYZ.7",0,2.78041930589742,0.895,0.483,0,9,"LYZ","Myeloid"
"11049","HLA-DRA.5",6.21721467204687e-176,1.01990136470884,0.707,0.446,1.53757936054391e-171,9,"HLA-DRA","Myeloid"
"11105","CXCR4.7",4.45024881122861e-160,-2.64724198371308,0.07,0.448,1.10059103350495e-155,9,"CXCR4","B"
"11773","MUC1.5",1.56847689942074e-107,-4.03060541614137,0.017,0.278,3.87900021995744e-103,9,"MUC1","Epithelial"
"11409","KRT18.5",3.12606180158322e-126,-4.56354925358883,0.01,0.301,7.73106344149545e-122,9,"KRT18","Epithelial"
"11327","KRT19.6",3.4938394232446e-133,-4.76262002449168,0.017,0.323,8.64061427762621e-129,9,"KRT19","Epithelial"
"11482","KRT8.6",3.10977514581888e-121,-5.1606166055561,0.008,0.288,7.69078491312467e-117,9,"KRT8","Epithelial"
"9049","FCGR3B.1",0,3.02789965866146,0.572,0.088,0,8,"FCGR3B","Myeloid"
"10405","LYZ.6",1.99490562688469e-114,-2.44363413203668,0.184,0.506,4.93360110584854e-110,8,"LYZ","Myeloid"
"10650","KRT18.4",7.29151169492621e-103,-2.75646466793709,0.037,0.3,1.8032637572722e-98,8,"KRT18","Epithelial"
"9955","HLA-DRA.4",3.2338437934278e-137,-2.94205152596627,0.114,0.465,7.99761908552628e-133,8,"HLA-DRA","Myeloid"
"10605","KRT8.5",2.14517676838605e-105,-3.05692234844428,0.027,0.288,5.30523666589553e-101,8,"KRT8","Epithelial"
"8470","TPSAB1",0,9.79829681840975,0.996,0.045,0,7,"TPSAB1","Mast"
"8468","CPA3",0,9.69280725860257,0.992,0.012,0,7,"CPA3","Mast"
"8480","CLU.1",0,3.39630797647997,0.981,0.201,0,7,"CLU","Epithelial"
"8498","CD69.2",0,2.99736340965286,0.828,0.218,0,7,"CD69","T_NK"
"8807","CXCR4.6",1.11919773657409e-120,-2.55675364674269,0.156,0.446,2.76788792232138e-116,7,"CXCR4","B"
"8731","IGLL5.1",1.43161436686457e-185,-4.20085128864362,0.479,0.179,3.54052549069278e-181,7,"IGLL5","B"
"8714","LYZ.5",8.27874314279523e-201,-5.81895420243422,0.144,0.508,2.04741596664469e-196,7,"LYZ","Myeloid"
"8795","KRT18.3",1.02823430067109e-132,-6.50292900305585,0.014,0.301,2.54292624898967e-128,7,"KRT18","Epithelial"
"8802","KRT8.4",1.23847973775101e-124,-6.69110316059392,0.015,0.289,3.06288423943203e-120,7,"KRT8","Epithelial"
"8804","MUC1.4",1.33424578640043e-121,-7.2392514012778,0.011,0.279,3.2997232543469e-117,7,"MUC1","Epithelial"
"8197","KRT19.5",1.8604826681437e-151,1.20800494720487,0.595,0.303,4.60115968658619e-147,6,"KRT19","Epithelial"
"8142","SPINK1.1",4.58449723886538e-225,1.00568019464747,0.516,0.203,1.1337920121438e-220,6,"SPINK1","Epithelial"
"8261","HLA-DRA.3",1.89433990339013e-122,-3.37496243049995,0.189,0.464,4.68489201507413e-118,6,"HLA-DRA","Myeloid"
"8159","CXCR4.5",5.56867040299863e-191,-3.78634003447849,0.087,0.449,1.37718787736559e-186,6,"CXCR4","B"
"5867","C1QA",0,4.25691682769634,0.896,0.099,0,5,"C1QA","Myeloid"
"6048","HLA-DRA.2",0,3.67652590322749,1,0.43,0,5,"HLA-DRA","Myeloid"
"5862","CD14",0,3.05973202099631,0.98,0.167,0,5,"CD14","Myeloid"
"5872","FCGR3A",0,2.89492666594325,0.924,0.134,0,5,"FCGR3A","Myeloid"
"5989","APOE",0,2.84622580294741,0.799,0.188,0,5,"APOE","Fibroblasts"
"5883","CD4",0,2.59368279197216,0.912,0.152,0,5,"CD4","T_NK"
"6127","IRF8",0,1.50945569474824,0.648,0.117,0,5,"IRF8","DCs"
"6165","LYZ.4",0,1.38238932681687,0.988,0.474,0,5,"LYZ","Myeloid"
"6033","ITGAM.1",0,0.867642063596914,0.734,0.155,0,5,"ITGAM","Myeloid"
"6831","CXCR4.4",2.84059873601753e-297,0.201627119824288,0.918,0.415,7.02508473404533e-293,5,"CXCR4","B"
"6130","IGLL5",0,-4.25592894167772,0.696,0.166,0,5,"IGLL5","B"
"7513","KRT19.4",2.74505882905943e-152,-7.06925518692516,0.063,0.324,6.78880499014687e-148,5,"KRT19","Epithelial"
"4957","MUC1.3",0,2.26237760090455,0.763,0.247,0,4,"MUC1","Epithelial"
"4962","KRT19.3",0,1.88482238181376,0.772,0.291,0,4,"KRT19","Epithelial"
"5011","CXCR4.3",7.7948164271383e-272,-3.78439031108237,0.061,0.454,1.92773605059557e-267,4,"CXCR4","B"
"2573","TFF1",0,4.19075004674482,0.938,0.136,0,3,"TFF1","Epithelial"
"2616","KRT18.2",0,2.52514273252482,0.949,0.256,0,3,"KRT18","Epithelial"
"2574","SPINK1",0,2.15984235786457,0.969,0.172,0,3,"SPINK1","Epithelial"
"2614","KRT8.3",0,2.12178978263583,0.938,0.243,0,3,"KRT8","Epithelial"
"3116","PDGFA",0,1.64387261952627,0.554,0.128,0,3,"PDGFA","Fibroblasts"
"2651","MUC1.2",0,1.45029229409619,0.868,0.237,0,3,"MUC1","Epithelial"
"2663","KRT19.2",0,1.08424877289935,0.901,0.28,0,3,"KRT19","Epithelial"
"2649","CLU",0,1.03546951376432,0.825,0.193,0,3,"CLU","Epithelial"
"4741","LYZ.3",4.28872011621635e-145,-1.19369452490839,0.91,0.473,1.06064337194147e-140,3,"LYZ","Myeloid"
"3419","CXCR4.2",0,-5.48009667290912,0.083,0.456,0,3,"CXCR4","B"
"618","FCGR3B",0,4.50876556741907,0.99,0.053,0,2,"FCGR3B","Myeloid"
"1309","ITGAM",0,2.53306475180129,0.443,0.165,0,2,"ITGAM","Myeloid"
"1103","LYZ.2",0,0.345629563740732,0.892,0.473,0,2,"LYZ","Myeloid"
"1783","KRT18.1",4.42650359699114e-215,-5.18827737808486,0.015,0.308,1.09471860457188e-210,2,"KRT18","Epithelial"
"1811","KRT19.1",5.71455872569119e-212,-5.27821736433258,0.037,0.329,1.41326751845069e-207,2,"KRT19","Epithelial"
"1084","HLA-DRA.1",0,-5.50771427916093,0.049,0.477,0,2,"HLA-DRA","Myeloid"
"1807","KRT8.2",2.24820348369514e-212,-5.84107905887145,0.009,0.295,5.56003203552646e-208,2,"KRT8","Epithelial"
"1908","MUC1.1",2.58079729900855e-200,-5.88159781487945,0.011,0.285,6.38256980017805e-196,2,"MUC1","Epithelial"
"303","CD3E.1",0,2.44804514541438,0.916,0.151,0,1,"CD3E","T_NK"
"302","CD3D.1",0,2.22049336937391,0.943,0.15,0,1,"CD3D","T_NK"
"327","CD27.1",0,2.09394267056143,0.624,0.1,0,1,"CD27","B"
"308","CD2.1",0,1.47100333613131,0.84,0.165,0,1,"CD2","T_NK"
"349","CD69.1",0,1.16071184503932,0.653,0.214,0,1,"CD69","T_NK"
"341","CXCR4.1",0,0.594671164866656,0.864,0.411,0,1,"CXCR4","B"
"565","KRT8.1",1.72768620895827e-181,-5.29792793989285,0.039,0.294,4.27274076337471e-177,1,"KRT8","Epithelial"
"457","HLA-DRA",1.07266058134176e-275,-5.65605103453791,0.132,0.473,2.6527968837163e-271,1,"HLA-DRA","Myeloid"
"359","LYZ.1",0,-6.23892888859346,0.114,0.518,0,1,"LYZ","Myeloid"
"9","CD8A",0,5.25817512292086,0.708,0.032,0,0,"CD8A","T_NK"
"3","CD2",0,3.38021453363476,0.945,0.155,0,0,"CD2","T_NK"
"2","CD3D",0,3.1647486084268,0.948,0.146,0,0,"CD3D","T_NK"
"5","CD3E",0,3.01514162271711,0.912,0.148,0,0,"CD3E","T_NK"
"7","NKG7",0,2.27729569045557,0.836,0.098,0,0,"NKG7","T_NK"
"15","CD69",0,2.26540812516687,0.78,0.204,0,0,"CD69","T_NK"
"22","CXCR4",0,2.17431831099492,0.938,0.404,0,0,"CXCR4","B"
"94","GZMB",0,2.14603765273397,0.388,0.06,0,0,"GZMB","T_NK"
"99","CD27",0,1.99345915041099,0.428,0.11,0,0,"CD27","B"
"29","PRF1",0,1.98861003061139,0.565,0.064,0,0,"PRF1","T_NK"
"219","KRT18",1.03178527397826e-215,-5.18847181575335,0.036,0.308,2.55170816107564e-211,0,"KRT18","Epithelial"
"251","MUC1",2.15787792493035e-195,-5.44576549589964,0.033,0.285,5.33664789614525e-191,0,"MUC1","Epithelial"
"215","KRT8",1.91253159468644e-218,-5.60217057778764,0.024,0.296,4.72988188681905e-214,0,"KRT8","Epithelial"
"211","KRT19",3.42100730322563e-222,-5.6215034400256,0.051,0.33,8.46049316160732e-218,0,"KRT19","Epithelial"
"43","LYZ",0,-6.21076516553076,0.087,0.522,0,0,"LYZ","Myeloid"
